ImmunoMTL,STL,ABC,JointSTL,Shuffle,BigMHC,MUNIS,PRIME2,netMHCpan,MHCflurry
0.2653061224489796,0.3877551020408163,0.16326530612244897,0.2857142857142857,0.22448979591836735,0.3673469387755102,0.2857142857142857,0.3673469387755102,0.2857142857142857,0.30612244897959184
0.30612244897959184,0.2653061224489796,0.22448979591836735,0.12244897959183673,0.30612244897959184,0.30612244897959184,0.3877551020408163,0.3877551020408163,0.2857142857142857,0.2653061224489796
0.24489795918367346,0.2653061224489796,0.2857142857142857,0.3469387755102041,0.24489795918367346,0.2653061224489796,0.32653061224489793,0.30612244897959184,0.1836734693877551,0.3469387755102041
0.30612244897959184,0.2857142857142857,0.2857142857142857,0.20408163265306123,0.30612244897959184,0.22448979591836735,0.3469387755102041,0.2857142857142857,0.24489795918367346,0.3673469387755102
0.1836734693877551,0.2857142857142857,0.40816326530612246,0.16326530612244897,0.2857142857142857,0.32653061224489793,0.2857142857142857,0.3877551020408163,0.30612244897959184,0.3877551020408163
0.2653061224489796,0.10204081632653061,0.24489795918367346,0.2653061224489796,0.2653061224489796,0.3673469387755102,0.32653061224489793,0.3673469387755102,0.24489795918367346,0.3469387755102041
0.2857142857142857,0.3877551020408163,0.24489795918367346,0.1836734693877551,0.2857142857142857,0.32653061224489793,0.3469387755102041,0.4489795918367347,0.24489795918367346,0.3469387755102041
0.30612244897959184,0.2857142857142857,0.22448979591836735,0.14285714285714285,0.3469387755102041,0.3877551020408163,0.32653061224489793,0.3673469387755102,0.16326530612244897,0.3469387755102041
0.30612244897959184,0.3877551020408163,0.24489795918367346,0.24489795918367346,0.30612244897959184,0.30612244897959184,0.2653061224489796,0.32653061224489793,0.20408163265306123,0.3673469387755102
0.32653061224489793,0.30612244897959184,0.3469387755102041,0.30612244897959184,0.2857142857142857,0.40816326530612246,0.2653061224489796,0.3469387755102041,0.3673469387755102,0.3469387755102041
0.2857142857142857,0.30612244897959184,0.22448979591836735,0.14285714285714285,0.42857142857142855,0.3469387755102041,0.3877551020408163,0.40816326530612246,0.40816326530612246,0.2857142857142857
0.24489795918367346,0.2653061224489796,0.20408163265306123,0.30612244897959184,0.20408163265306123,0.2857142857142857,0.30612244897959184,0.3469387755102041,0.40816326530612246,0.3673469387755102
0.2653061224489796,0.24489795918367346,0.22448979591836735,0.16326530612244897,0.2857142857142857,0.24489795918367346,0.3877551020408163,0.42857142857142855,0.10204081632653061,0.3673469387755102
0.24489795918367346,0.30612244897959184,0.20408163265306123,0.08163265306122448,0.20408163265306123,0.24489795918367346,0.2857142857142857,0.3877551020408163,0.2653061224489796,0.2857142857142857
0.42857142857142855,0.40816326530612246,0.24489795918367346,0.22448979591836735,0.3469387755102041,0.32653061224489793,0.20408163265306123,0.3673469387755102,0.2857142857142857,0.42857142857142855
0.32653061224489793,0.32653061224489793,0.2653061224489796,0.12244897959183673,0.30612244897959184,0.2653061224489796,0.32653061224489793,0.3469387755102041,0.22448979591836735,0.3673469387755102
0.32653061224489793,0.32653061224489793,0.16326530612244897,0.1836734693877551,0.22448979591836735,0.30612244897959184,0.24489795918367346,0.2857142857142857,0.2857142857142857,0.40816326530612246
0.3673469387755102,0.16326530612244897,0.30612244897959184,0.1836734693877551,0.30612244897959184,0.32653061224489793,0.2857142857142857,0.3469387755102041,0.22448979591836735,0.40816326530612246
0.2653061224489796,0.20408163265306123,0.2857142857142857,0.32653061224489793,0.2857142857142857,0.2653061224489796,0.3469387755102041,0.40816326530612246,0.20408163265306123,0.5102040816326531
0.1836734693877551,0.2653061224489796,0.2857142857142857,0.20408163265306123,0.22448979591836735,0.2857142857142857,0.3877551020408163,0.3877551020408163,0.14285714285714285,0.4489795918367347
0.22448979591836735,0.24489795918367346,0.3673469387755102,0.22448979591836735,0.3877551020408163,0.3469387755102041,0.3469387755102041,0.3877551020408163,0.16326530612244897,0.42857142857142855
0.30612244897959184,0.32653061224489793,0.2857142857142857,0.10204081632653061,0.2857142857142857,0.3673469387755102,0.40816326530612246,0.3673469387755102,0.24489795918367346,0.30612244897959184
0.22448979591836735,0.2653061224489796,0.16326530612244897,0.32653061224489793,0.3673469387755102,0.2653061224489796,0.30612244897959184,0.40816326530612246,0.32653061224489793,0.3673469387755102
0.30612244897959184,0.3673469387755102,0.22448979591836735,0.1836734693877551,0.32653061224489793,0.32653061224489793,0.40816326530612246,0.3673469387755102,0.16326530612244897,0.4489795918367347
0.32653061224489793,0.30612244897959184,0.2857142857142857,0.22448979591836735,0.3673469387755102,0.2857142857142857,0.32653061224489793,0.2857142857142857,0.24489795918367346,0.2653061224489796
0.3469387755102041,0.3673469387755102,0.2857142857142857,0.24489795918367346,0.24489795918367346,0.3673469387755102,0.24489795918367346,0.3877551020408163,0.24489795918367346,0.32653061224489793
0.24489795918367346,0.32653061224489793,0.24489795918367346,0.24489795918367346,0.30612244897959184,0.2653061224489796,0.22448979591836735,0.30612244897959184,0.20408163265306123,0.32653061224489793
0.2653061224489796,0.32653061224489793,0.2653061224489796,0.16326530612244897,0.32653061224489793,0.2857142857142857,0.24489795918367346,0.3673469387755102,0.32653061224489793,0.3469387755102041
0.32653061224489793,0.2857142857142857,0.2857142857142857,0.16326530612244897,0.30612244897959184,0.3469387755102041,0.2857142857142857,0.42857142857142855,0.20408163265306123,0.30612244897959184
0.2857142857142857,0.2653061224489796,0.2653061224489796,0.22448979591836735,0.32653061224489793,0.32653061224489793,0.2857142857142857,0.3877551020408163,0.16326530612244897,0.32653061224489793
0.30612244897959184,0.3673469387755102,0.20408163265306123,0.24489795918367346,0.32653061224489793,0.22448979591836735,0.3469387755102041,0.4897959183673469,0.1836734693877551,0.40816326530612246
0.3469387755102041,0.3469387755102041,0.24489795918367346,0.1836734693877551,0.40816326530612246,0.14285714285714285,0.3469387755102041,0.42857142857142855,0.30612244897959184,0.40816326530612246
0.30612244897959184,0.30612244897959184,0.22448979591836735,0.32653061224489793,0.24489795918367346,0.2857142857142857,0.22448979591836735,0.3877551020408163,0.14285714285714285,0.3877551020408163
0.24489795918367346,0.3673469387755102,0.24489795918367346,0.22448979591836735,0.30612244897959184,0.3877551020408163,0.32653061224489793,0.40816326530612246,0.2857142857142857,0.2857142857142857
0.32653061224489793,0.2653061224489796,0.30612244897959184,0.20408163265306123,0.30612244897959184,0.30612244897959184,0.3877551020408163,0.46938775510204084,0.2653061224489796,0.40816326530612246
0.42857142857142855,0.1836734693877551,0.1836734693877551,0.22448979591836735,0.2653061224489796,0.42857142857142855,0.32653061224489793,0.5102040816326531,0.3469387755102041,0.2653061224489796
0.40816326530612246,0.30612244897959184,0.2857142857142857,0.24489795918367346,0.40816326530612246,0.20408163265306123,0.3469387755102041,0.46938775510204084,0.2653061224489796,0.20408163265306123
0.24489795918367346,0.3673469387755102,0.3877551020408163,0.20408163265306123,0.42857142857142855,0.30612244897959184,0.24489795918367346,0.4489795918367347,0.2653061224489796,0.42857142857142855
0.40816326530612246,0.3469387755102041,0.14285714285714285,0.16326530612244897,0.2857142857142857,0.30612244897959184,0.32653061224489793,0.3673469387755102,0.20408163265306123,0.30612244897959184
0.2857142857142857,0.16326530612244897,0.22448979591836735,0.22448979591836735,0.24489795918367346,0.3469387755102041,0.2857142857142857,0.3469387755102041,0.24489795918367346,0.40816326530612246
0.22448979591836735,0.30612244897959184,0.10204081632653061,0.2653061224489796,0.2653061224489796,0.3877551020408163,0.32653061224489793,0.40816326530612246,0.20408163265306123,0.3673469387755102
0.30612244897959184,0.3469387755102041,0.30612244897959184,0.22448979591836735,0.14285714285714285,0.30612244897959184,0.3673469387755102,0.30612244897959184,0.2857142857142857,0.3469387755102041
0.2857142857142857,0.32653061224489793,0.3673469387755102,0.1836734693877551,0.32653061224489793,0.3673469387755102,0.32653061224489793,0.2857142857142857,0.20408163265306123,0.30612244897959184
0.2653061224489796,0.42857142857142855,0.22448979591836735,0.22448979591836735,0.3877551020408163,0.2857142857142857,0.30612244897959184,0.42857142857142855,0.16326530612244897,0.2653061224489796
0.4489795918367347,0.32653061224489793,0.32653061224489793,0.20408163265306123,0.2857142857142857,0.30612244897959184,0.2857142857142857,0.4489795918367347,0.30612244897959184,0.42857142857142855
0.30612244897959184,0.32653061224489793,0.2653061224489796,0.32653061224489793,0.2653061224489796,0.2857142857142857,0.40816326530612246,0.32653061224489793,0.2653061224489796,0.32653061224489793
0.4489795918367347,0.32653061224489793,0.30612244897959184,0.14285714285714285,0.24489795918367346,0.20408163265306123,0.32653061224489793,0.40816326530612246,0.2653061224489796,0.30612244897959184
0.30612244897959184,0.2857142857142857,0.2857142857142857,0.14285714285714285,0.30612244897959184,0.3877551020408163,0.42857142857142855,0.3673469387755102,0.30612244897959184,0.3469387755102041
0.2653061224489796,0.3469387755102041,0.3673469387755102,0.10204081632653061,0.3469387755102041,0.42857142857142855,0.2857142857142857,0.3469387755102041,0.2653061224489796,0.32653061224489793
0.22448979591836735,0.30612244897959184,0.2857142857142857,0.14285714285714285,0.2857142857142857,0.2857142857142857,0.2653061224489796,0.30612244897959184,0.20408163265306123,0.30612244897959184
0.2653061224489796,0.24489795918367346,0.2653061224489796,0.1836734693877551,0.2857142857142857,0.20408163265306123,0.2653061224489796,0.3877551020408163,0.3469387755102041,0.3469387755102041
0.3877551020408163,0.22448979591836735,0.2653061224489796,0.14285714285714285,0.30612244897959184,0.22448979591836735,0.2653061224489796,0.4489795918367347,0.2857142857142857,0.40816326530612246
0.40816326530612246,0.2857142857142857,0.30612244897959184,0.22448979591836735,0.24489795918367346,0.2653061224489796,0.22448979591836735,0.3877551020408163,0.2653061224489796,0.3877551020408163
0.3469387755102041,0.32653061224489793,0.20408163265306123,0.3469387755102041,0.3673469387755102,0.22448979591836735,0.40816326530612246,0.32653061224489793,0.30612244897959184,0.4897959183673469
0.3469387755102041,0.3469387755102041,0.1836734693877551,0.1836734693877551,0.42857142857142855,0.30612244897959184,0.30612244897959184,0.3673469387755102,0.1836734693877551,0.30612244897959184
0.2653061224489796,0.3877551020408163,0.3469387755102041,0.2857142857142857,0.1836734693877551,0.3673469387755102,0.3877551020408163,0.30612244897959184,0.14285714285714285,0.3877551020408163
0.3673469387755102,0.2857142857142857,0.2653061224489796,0.2857142857142857,0.40816326530612246,0.2653061224489796,0.2857142857142857,0.3877551020408163,0.1836734693877551,0.30612244897959184
0.32653061224489793,0.32653061224489793,0.3673469387755102,0.08163265306122448,0.32653061224489793,0.46938775510204084,0.30612244897959184,0.2857142857142857,0.2653061224489796,0.3877551020408163
0.2653061224489796,0.24489795918367346,0.32653061224489793,0.30612244897959184,0.32653061224489793,0.3877551020408163,0.32653061224489793,0.3673469387755102,0.2653061224489796,0.2653061224489796
0.30612244897959184,0.3469387755102041,0.2857142857142857,0.2653061224489796,0.32653061224489793,0.3877551020408163,0.2653061224489796,0.32653061224489793,0.30612244897959184,0.32653061224489793
0.16326530612244897,0.2857142857142857,0.30612244897959184,0.20408163265306123,0.30612244897959184,0.2857142857142857,0.3673469387755102,0.32653061224489793,0.24489795918367346,0.30612244897959184
0.32653061224489793,0.30612244897959184,0.3469387755102041,0.1836734693877551,0.3673469387755102,0.40816326530612246,0.4897959183673469,0.40816326530612246,0.22448979591836735,0.32653061224489793
0.2653061224489796,0.3877551020408163,0.22448979591836735,0.20408163265306123,0.24489795918367346,0.3469387755102041,0.40816326530612246,0.32653061224489793,0.14285714285714285,0.4897959183673469
0.2653061224489796,0.22448979591836735,0.30612244897959184,0.16326530612244897,0.24489795918367346,0.3469387755102041,0.32653061224489793,0.40816326530612246,0.2653061224489796,0.4489795918367347
0.1836734693877551,0.3877551020408163,0.24489795918367346,0.24489795918367346,0.22448979591836735,0.3469387755102041,0.22448979591836735,0.46938775510204084,0.32653061224489793,0.40816326530612246
0.1836734693877551,0.1836734693877551,0.2653061224489796,0.22448979591836735,0.2857142857142857,0.22448979591836735,0.40816326530612246,0.4489795918367347,0.22448979591836735,0.3469387755102041
0.30612244897959184,0.3673469387755102,0.16326530612244897,0.24489795918367346,0.2857142857142857,0.2653061224489796,0.30612244897959184,0.42857142857142855,0.22448979591836735,0.3673469387755102
0.2857142857142857,0.22448979591836735,0.2653061224489796,0.16326530612244897,0.20408163265306123,0.2857142857142857,0.24489795918367346,0.3877551020408163,0.24489795918367346,0.3469387755102041
0.24489795918367346,0.2653061224489796,0.2857142857142857,0.14285714285714285,0.3469387755102041,0.2857142857142857,0.24489795918367346,0.32653061224489793,0.32653061224489793,0.3877551020408163
0.2857142857142857,0.3469387755102041,0.24489795918367346,0.22448979591836735,0.2857142857142857,0.40816326530612246,0.3469387755102041,0.30612244897959184,0.16326530612244897,0.3469387755102041
0.32653061224489793,0.3877551020408163,0.1836734693877551,0.20408163265306123,0.32653061224489793,0.2653061224489796,0.3469387755102041,0.46938775510204084,0.2857142857142857,0.3469387755102041
0.30612244897959184,0.3877551020408163,0.2857142857142857,0.14285714285714285,0.2857142857142857,0.3673469387755102,0.30612244897959184,0.30612244897959184,0.20408163265306123,0.32653061224489793
0.3469387755102041,0.2653061224489796,0.32653061224489793,0.1836734693877551,0.2653061224489796,0.2653061224489796,0.14285714285714285,0.32653061224489793,0.32653061224489793,0.3877551020408163
0.3469387755102041,0.3469387755102041,0.22448979591836735,0.22448979591836735,0.30612244897959184,0.24489795918367346,0.32653061224489793,0.42857142857142855,0.3673469387755102,0.2857142857142857
0.30612244897959184,0.22448979591836735,0.2653061224489796,0.24489795918367346,0.30612244897959184,0.32653061224489793,0.32653061224489793,0.3469387755102041,0.1836734693877551,0.2857142857142857
0.22448979591836735,0.2653061224489796,0.20408163265306123,0.2653061224489796,0.1836734693877551,0.2653061224489796,0.16326530612244897,0.2857142857142857,0.2857142857142857,0.32653061224489793
0.32653061224489793,0.3673469387755102,0.20408163265306123,0.1836734693877551,0.2653061224489796,0.24489795918367346,0.32653061224489793,0.32653061224489793,0.2857142857142857,0.42857142857142855
0.32653061224489793,0.3469387755102041,0.1836734693877551,0.1836734693877551,0.24489795918367346,0.2653061224489796,0.3469387755102041,0.3469387755102041,0.22448979591836735,0.3673469387755102
0.24489795918367346,0.30612244897959184,0.2857142857142857,0.30612244897959184,0.2857142857142857,0.3877551020408163,0.22448979591836735,0.3673469387755102,0.2857142857142857,0.3673469387755102
0.2653061224489796,0.20408163265306123,0.08163265306122448,0.2653061224489796,0.2857142857142857,0.22448979591836735,0.2653061224489796,0.40816326530612246,0.20408163265306123,0.4489795918367347
0.3469387755102041,0.3469387755102041,0.20408163265306123,0.1836734693877551,0.3673469387755102,0.46938775510204084,0.20408163265306123,0.30612244897959184,0.2857142857142857,0.3469387755102041
0.3469387755102041,0.2653061224489796,0.1836734693877551,0.20408163265306123,0.32653061224489793,0.2653061224489796,0.32653061224489793,0.3877551020408163,0.2857142857142857,0.32653061224489793
0.3469387755102041,0.22448979591836735,0.30612244897959184,0.30612244897959184,0.2857142857142857,0.3673469387755102,0.32653061224489793,0.32653061224489793,0.3673469387755102,0.30612244897959184
0.3673469387755102,0.30612244897959184,0.22448979591836735,0.2653061224489796,0.2653061224489796,0.3469387755102041,0.3469387755102041,0.32653061224489793,0.20408163265306123,0.3877551020408163
0.30612244897959184,0.2857142857142857,0.16326530612244897,0.2653061224489796,0.3469387755102041,0.2653061224489796,0.32653061224489793,0.2857142857142857,0.2653061224489796,0.3469387755102041
0.32653061224489793,0.24489795918367346,0.12244897959183673,0.1836734693877551,0.2653061224489796,0.24489795918367346,0.32653061224489793,0.30612244897959184,0.24489795918367346,0.3877551020408163
0.20408163265306123,0.2857142857142857,0.24489795918367346,0.1836734693877551,0.30612244897959184,0.1836734693877551,0.3469387755102041,0.3877551020408163,0.2857142857142857,0.42857142857142855
0.3469387755102041,0.42857142857142855,0.20408163265306123,0.12244897959183673,0.30612244897959184,0.32653061224489793,0.3469387755102041,0.42857142857142855,0.20408163265306123,0.30612244897959184
0.30612244897959184,0.32653061224489793,0.16326530612244897,0.24489795918367346,0.24489795918367346,0.40816326530612246,0.30612244897959184,0.4489795918367347,0.2653061224489796,0.32653061224489793
0.2857142857142857,0.1836734693877551,0.24489795918367346,0.2653061224489796,0.3469387755102041,0.2857142857142857,0.4489795918367347,0.42857142857142855,0.24489795918367346,0.3877551020408163
0.3469387755102041,0.32653061224489793,0.2857142857142857,0.22448979591836735,0.2653061224489796,0.22448979591836735,0.30612244897959184,0.2653061224489796,0.1836734693877551,0.3673469387755102
0.32653061224489793,0.3877551020408163,0.30612244897959184,0.12244897959183673,0.3877551020408163,0.3673469387755102,0.3469387755102041,0.3673469387755102,0.24489795918367346,0.30612244897959184
0.30612244897959184,0.3673469387755102,0.20408163265306123,0.1836734693877551,0.40816326530612246,0.24489795918367346,0.3469387755102041,0.30612244897959184,0.3469387755102041,0.30612244897959184
0.2857142857142857,0.2857142857142857,0.14285714285714285,0.22448979591836735,0.40816326530612246,0.40816326530612246,0.2857142857142857,0.32653061224489793,0.2857142857142857,0.30612244897959184
0.24489795918367346,0.30612244897959184,0.20408163265306123,0.12244897959183673,0.2857142857142857,0.2653061224489796,0.3673469387755102,0.40816326530612246,0.32653061224489793,0.3877551020408163
0.3673469387755102,0.2857142857142857,0.32653061224489793,0.24489795918367346,0.2857142857142857,0.30612244897959184,0.30612244897959184,0.32653061224489793,0.2653061224489796,0.4489795918367347
0.2653061224489796,0.3673469387755102,0.1836734693877551,0.2653061224489796,0.30612244897959184,0.30612244897959184,0.22448979591836735,0.3469387755102041,0.16326530612244897,0.30612244897959184
0.3469387755102041,0.3877551020408163,0.22448979591836735,0.08163265306122448,0.24489795918367346,0.24489795918367346,0.3673469387755102,0.3673469387755102,0.2653061224489796,0.3877551020408163
0.2653061224489796,0.24489795918367346,0.16326530612244897,0.24489795918367346,0.24489795918367346,0.3877551020408163,0.3469387755102041,0.40816326530612246,0.2653061224489796,0.2653061224489796
0.3673469387755102,0.3673469387755102,0.22448979591836735,0.1836734693877551,0.24489795918367346,0.32653061224489793,0.3469387755102041,0.40816326530612246,0.32653061224489793,0.4489795918367347
