HLA Allele,Seed 1,Seed 2,Seed 3,Seed 4,Seed 5,Seed 6,Seed 7,Seed 8,Seed 9,Seed 10
HLA-A*01:01,1,4,1,2,2,4,1,1,4,2
HLA-A*02:01,1,2,3,1,3,2,1,1,2,4
HLA-A*02:02,1,4,2,3,1,3,1,2,1,2
HLA-A*02:03,3,1,2,3,3,1,2,3,2,1
HLA-A*02:04,2,3,1,1,2,4,3,2,1,4
HLA-A*02:05,2,2,2,2,1,2,2,4,3,3
HLA-A*02:06,1,4,1,1,3,1,4,1,3,1
HLA-A*02:07,2,3,1,3,1,2,3,2,2,1
HLA-A*02:11,3,2,3,3,1,1,3,2,2,1
HLA-A*03:01,4,2,1,1,2,1,4,2,1,3
HLA-A*11:01,4,3,2,2,2,4,1,4,3,2
HLA-A*11:02,1,3,1,4,2,2,3,3,2,1
HLA-A*23:01,3,4,2,2,2,3,4,2,2,1
HLA-A*24:02,1,2,2,4,3,1,2,2,2,1
HLA-A*24:07,2,2,2,2,3,1,1,2,2,2
HLA-A*24:13,3,2,1,1,1,2,3,1,2,2
HLA-A*25:01,2,4,4,2,2,1,1,4,2,1
HLA-A*26:01,3,1,2,2,2,1,2,3,4,3
HLA-A*29:02,1,2,1,2,1,3,2,2,1,1
HLA-A*30:01,2,2,3,4,2,2,4,1,1,2
HLA-A*30:02,4,3,2,1,3,1,2,1,3,3
HLA-A*31:01,2,3,2,2,2,1,1,1,3,1
HLA-A*32:01,2,1,2,3,1,2,1,2,1,2
HLA-A*33:01,4,1,1,1,2,2,2,1,4,1
HLA-A*33:03,2,2,3,2,2,3,1,4,2,2
HLA-A*34:01,2,2,1,1,1,3,1,1,1,1
HLA-A*34:02,3,1,2,2,2,1,1,3,2,4
HLA-A*36:01,1,3,2,3,3,2,3,2,2,2
HLA-A*66:01,1,1,1,3,1,1,3,2,2,2
HLA-A*68:01,1,1,3,2,1,1,2,4,1,1
HLA-A*68:02,2,1,4,4,1,1,3,2,3,2
HLA-A*74:01,2,2,2,2,3,1,2,3,2,3
HLA-B*07:02,3,3,2,2,4,2,1,1,1,2
HLA-B*07:04,2,1,3,3,1,4,1,2,1,2
HLA-B*08:01,1,1,2,2,2,3,2,2,4,2
HLA-B*13:01,1,1,1,3,2,1,2,2,2,3
HLA-B*13:02,2,2,2,2,1,2,2,1,1,2
HLA-B*14:02,2,2,2,3,2,2,2,2,2,2
HLA-B*15:01,2,2,2,4,2,2,1,2,2,2
HLA-B*15:02,4,3,1,2,1,1,2,1,1,1
HLA-B*15:03,1,1,2,1,2,3,2,1,1,1
HLA-B*15:10,1,1,1,1,2,2,4,2,1,3
HLA-B*15:17,2,2,1,2,1,2,1,1,3,2
HLA-B*15:186,2,1,2,2,2,2,2,2,3,1
HLA-B*18:01,1,2,1,1,2,2,2,2,1,2
HLA-B*27:01,2,2,1,2,4,1,2,1,2,3
HLA-B*27:02,2,3,2,3,1,2,3,2,1,3
HLA-B*27:04,2,1,4,2,3,3,1,4,4,1
HLA-B*27:05,3,1,1,2,3,1,1,4,3,3
HLA-B*27:06,3,4,2,2,2,1,1,3,2,2
HLA-B*27:07,2,1,3,4,1,1,4,1,2,1
HLA-B*27:08,2,2,1,3,2,2,1,3,1,1
HLA-B*27:09,2,2,2,1,2,3,1,2,1,1
HLA-B*35:01,1,2,1,1,1,2,3,1,2,3
HLA-B*35:03,1,1,2,2,1,2,3,1,3,4
HLA-B*35:07,1,3,1,1,1,1,3,2,1,1
HLA-B*35:08,1,1,2,2,2,2,1,1,2,2
HLA-B*37:01,3,1,1,2,1,1,1,2,3,2
HLA-B*38:01,4,2,1,2,1,2,2,3,1,2
HLA-B*38:02,2,1,1,1,3,2,1,2,4,4
HLA-B*39:01,3,2,4,2,3,3,1,2,2,2
HLA-B*39:06,2,2,1,4,2,2,2,1,2,4
HLA-B*40:01,3,2,1,1,2,4,2,3,2,3
HLA-B*40:02,3,2,1,1,2,2,2,3,2,1
HLA-B*40:06,1,1,2,2,2,1,3,3,3,2
HLA-B*41:01,2,1,2,1,2,1,2,1,1,1
HLA-B*42:01,1,2,2,3,2,2,2,2,1,3
HLA-B*44:02,1,1,1,1,3,2,1,1,2,2
HLA-B*44:03,4,2,1,3,2,3,4,2,1,1
HLA-B*44:09,1,1,4,1,3,3,2,1,1,1
HLA-B*45:01,2,4,3,3,2,3,3,1,3,1
HLA-B*46:01,2,1,2,2,2,1,2,2,1,1
HLA-B*49:01,3,1,1,1,2,3,3,2,2,2
HLA-B*50:01,2,2,2,1,3,4,2,3,2,4
HLA-B*51:01,1,3,3,2,1,2,3,1,1,2
HLA-B*51:08,1,2,4,1,2,3,1,2,2,2
HLA-B*52:01,1,1,2,1,1,1,2,1,2,2
HLA-B*53:01,1,3,4,1,1,1,1,1,3,3
HLA-B*54:01,2,2,2,1,2,2,1,1,4,2
HLA-B*55:01,1,1,1,1,4,2,2,2,1,1
HLA-B*55:02,1,1,4,1,1,2,2,2,1,1
HLA-B*56:01,2,3,3,1,2,2,2,2,1,2
HLA-B*57:01,1,2,1,3,2,2,2,3,1,2
HLA-B*57:03,3,2,2,1,4,1,4,2,2,3
HLA-B*58:01,2,2,3,2,2,3,2,2,1,1
HLA-B*58:02,2,3,2,3,2,2,1,1,2,2
HLA-C*01:02,2,1,2,1,2,2,1,2,4,3
HLA-C*02:02,1,3,1,2,1,2,2,2,3,2
HLA-C*03:02,2,1,2,2,4,2,1,2,2,2
HLA-C*03:03,2,2,3,1,1,2,1,1,3,2
HLA-C*03:04,1,4,2,1,1,1,2,4,2,1
HLA-C*04:01,2,2,3,1,1,1,1,3,1,2
HLA-C*04:03,2,2,3,4,2,2,3,1,1,1
HLA-C*05:01,1,1,1,1,1,1,2,2,2,1
HLA-C*06:02,1,3,3,2,4,3,2,3,1,2
HLA-C*07:01,1,2,2,2,3,2,2,1,1,2
HLA-C*07:02,1,2,2,2,1,1,3,1,2,1
HLA-C*07:04,3,3,2,2,1,4,2,2,2,2
HLA-C*08:01,1,1,1,1,1,1,1,1,2,3
HLA-C*08:02,1,2,2,2,3,1,2,1,2,2
HLA-C*12:02,2,2,3,2,1,1,1,1,1,2
HLA-C*12:03,2,1,3,2,4,4,1,3,1,1
HLA-C*14:02,3,1,1,1,3,2,2,3,1,1
HLA-C*14:03,3,1,2,2,1,3,1,1,2,1
HLA-C*15:02,4,2,3,3,4,1,2,2,2,1
HLA-C*16:01,2,1,1,2,1,1,2,1,3,3
HLA-C*17:01,2,2,1,1,1,2,1,3,3,4
